file,label,aage,bayen,chalo,dayen,piche,ruko,y_pred
aage (10).wav,aage,1.0,5.588303153558627e-09,1.4762652634624923e-14,1.080801165795689e-13,3.2070893385633195e-14,2.45480788474417e-11,aage
aage (11).wav,aage,0.999997615814209,1.296755158364249e-06,6.5928859593888944e-12,1.0781484434119193e-06,2.622351225056718e-10,5.013286674682149e-09,aage
aage (12).wav,aage,1.0,1.4244035367438207e-13,1.3386277881928836e-15,8.842217302801534e-17,2.556815204002305e-08,1.0824270622780112e-20,aage
aage (13).wav,aage,1.0,2.372844481818103e-16,1.456449622954307e-33,3.0549595683027866e-18,8.597522693776227e-11,5.99498357337444e-32,aage
aage (14).wav,aage,1.0,4.089789826786962e-14,4.3134501682347043e-16,1.5559851962716528e-21,8.926540395748361e-09,1.3325288138535396e-12,aage
aage (15).wav,aage,0.9999630451202393,3.6728644772665575e-05,1.5178662363460327e-12,1.8189399497714476e-07,1.4782108870292632e-09,4.950097221012584e-08,aage
aage (16).wav,aage,1.0,2.5986456249246477e-15,4.642231301701357e-21,2.461317524438742e-28,1.2866472655004062e-17,3.660167985693094e-21,aage
aage (17).wav,aage,1.0,1.8256690603735137e-10,4.020113493439353e-18,3.3294455863785515e-20,2.7332833383055113e-17,1.1449392531307059e-18,aage
aage (18).wav,aage,1.0,8.025619014848107e-13,6.448098619719206e-14,3.7461037943946297e-16,1.2916845544552746e-11,4.204001413654623e-08,aage
aage (19).wav,aage,0.999998927116394,1.2609133737129241e-09,6.852813871915941e-10,2.0297146938446503e-13,1.6474484709760873e-07,9.665984634921188e-07,aage
aage (2).wav,aage,0.9999972581863403,4.815310372663362e-09,4.812555687294662e-09,6.667339569332853e-09,7.81428699525577e-10,2.754949491645675e-06,aage
aage (20).wav,aage,1.0,2.1922103021765338e-11,4.6796891816498626e-23,5.96684774466891e-26,8.344107183868827e-22,1.5416678694019835e-23,aage
aage (21).wav,aage,0.9999997615814209,2.3258303372131195e-07,1.1609340310453375e-19,1.8007329424223992e-26,6.1499389468400625e-34,6.538281878800192e-14,aage
aage (22).wav,aage,0.9991390705108643,0.0003495639539323747,2.6478095605853014e-05,5.7492297145245175e-08,0.0004848452808801085,2.213769619008321e-11,aage
aage (23).wav,aage,0.9999998807907104,2.274801169915158e-13,1.7532467630442786e-16,1.3120797109831249e-16,9.088759945308019e-23,7.542122659742745e-08,aage
aage (24).wav,aage,1.0,3.778603208104414e-09,1.208858704387552e-18,1.820243955563683e-11,3.0131701578284265e-08,1.5667658072677266e-21,aage
aage (25).wav,aage,0.9998798370361328,1.8513810573494993e-05,1.4268531458583311e-06,4.405868725410045e-10,0.00010028076212620363,2.957099842770816e-12,aage
aage (26).wav,aage,1.0,1.6445001734132392e-15,1.2920901249169977e-20,7.326728235398875e-27,2.7053453751550787e-19,4.091780918019315e-17,aage
aage (27).wav,aage,0.9999626874923706,3.6790250305784866e-05,1.3455937752926417e-12,2.978130329150952e-12,5.341291853255825e-07,8.956011050745351e-18,aage
aage (28).wav,aage,1.0,1.3032303014526292e-09,9.424461265648137e-16,4.444893799780811e-16,3.433046346320071e-15,1.3466549923790705e-13,aage
aage (29).wav,aage,1.0,2.867369630621397e-08,3.2565875723086085e-14,5.597543317747977e-09,1.6511840722835402e-12,1.7316378365939133e-13,aage
aage (3).wav,aage,1.0,1.11174569550343e-09,3.8723843366107475e-15,1.5803091732369527e-19,2.6944663167327576e-10,2.537949093086664e-19,aage
aage (30).wav,aage,1.0,5.219256493660396e-08,3.1285130736025124e-12,8.86643314323976e-10,3.494161904260551e-10,2.2703628527968173e-13,aage
aage (31).wav,aage,0.9999998807907104,6.057977230966571e-08,1.3852615047413243e-16,3.206925835996799e-09,9.553065219238574e-16,1.2560419371254739e-09,aage
aage (32).wav,aage,0.9999998807907104,1.3406401544457935e-09,1.4535958308923979e-19,2.9985622783336354e-15,9.119409827407239e-19,7.976711913215695e-08,aage
aage (33).wav,aage,1.0,3.9590355191236604e-13,4.081807727105216e-15,4.597769051306925e-20,2.361179726403668e-15,8.882499770435093e-13,aage
aage (34).wav,aage,0.999896764755249,1.1707978046615608e-05,7.735436423350617e-12,3.749265980144967e-14,9.153655992122367e-05,7.143777930318507e-11,aage
aage (35).wav,aage,0.9999920129776001,7.711852049396839e-06,4.836390619586406e-13,3.830297190532406e-12,1.9223404024160118e-07,3.9757211915054697e-16,aage
aage (36).wav,aage,0.9999988079071045,1.0185389101025066e-06,4.492386009632282e-13,9.694375791013954e-08,7.862045736661827e-11,1.3392131847922428e-08,aage
aage (37).wav,aage,1.0,3.620100695173407e-17,4.949758615560407e-22,1.197846581089944e-25,1.364962128960141e-30,4.1046575860459455e-12,aage
aage (38).wav,aage,1.0,1.4014405413063924e-13,1.4043583919327645e-15,9.198801629983343e-17,2.5997108465958263e-08,1.1179037401511596e-20,aage
aage (39).wav,aage,0.9999985694885254,6.83084167008019e-08,1.1409940375330108e-14,1.8688229854294864e-20,8.014327996706409e-33,1.3517725392375723e-06,aage
aage (4).wav,aage,1.0,4.181723905616901e-18,1.2911747118194998e-26,3.249242909189268e-28,2.578826025986489e-30,6.2146087692915095e-18,aage
aage (40).wav,aage,0.9999979734420776,2.0450852389330976e-06,5.437240241379371e-11,9.846386943637708e-13,5.203323818499641e-15,5.253749909076011e-13,aage
aage (41).wav,aage,1.0,1.2317907110981352e-12,1.7452138731494332e-15,1.7894265713214668e-20,6.370087568541294e-09,1.2530042975411604e-11,aage
aage (42).wav,aage,0.9999980926513672,4.297714628620497e-09,2.605314618556176e-12,2.373508056763285e-10,1.9583173980208812e-06,7.742530981581439e-14,aage
aage (43).wav,aage,0.9999872446060181,1.269522817892721e-05,4.63491983508646e-13,6.271427110959849e-08,1.1624200491056058e-09,4.053636593059906e-11,aage
aage (44).wav,aage,0.9999687671661377,1.3304272215464152e-05,5.220260845817393e-07,1.1676118405468117e-10,1.5217548934742808e-05,2.244158395114937e-06,aage
aage (45).wav,aage,1.0,7.511858322872822e-12,5.230424383537158e-13,3.7577579936609595e-14,7.1630375753390735e-28,2.4895250305689842e-08,aage
aage (46).wav,aage,0.9997710585594177,1.7013187971315347e-05,4.789518243342172e-06,1.4460050046238848e-08,0.00020689988741651177,1.8526824874243175e-07,aage
aage (47).wav,aage,1.0,4.658637164185395e-15,6.818743179898122e-20,8.398494814015168e-21,4.1120905567839435e-25,1.7767398663437461e-10,aage
aage (48).wav,aage,1.0,8.353100919144105e-19,0.0,2.4480179313142678e-23,1.1156850538077037e-26,1.454642549006973e-29,aage
aage (49).wav,aage,1.0,8.742596924182777e-11,1.324691804093073e-18,1.543576861043343e-20,1.7386783298829997e-19,6.648340003658848e-15,aage
aage (5).wav,aage,0.9999312162399292,8.924574856905565e-09,5.885533391847275e-05,5.1449892523453e-13,6.030700660630828e-06,3.858882791973883e-06,aage
aage (50).wav,aage,0.9999610185623169,1.8422234688841854e-06,3.4860473882569742e-12,9.059918681941781e-08,3.713050682563335e-05,4.3892242618248645e-10,aage
aage (51).wav,aage,0.9999946355819702,5.3995759117242415e-06,4.252648011515703e-09,9.70150067051978e-14,7.345315558592892e-15,9.94640481088993e-11,aage
aage (52).wav,aage,1.0,1.2423378770165527e-08,2.578586046738345e-18,3.994606841260765e-22,2.383115926818391e-10,2.6306092139001217e-17,aage
aage (53).wav,aage,1.0,7.523436761818283e-14,4.050446501639715e-14,1.3478527610781554e-20,7.212185959559747e-09,1.447433392197545e-17,aage
aage (54).wav,aage,1.0,1.3095389926444437e-17,2.4708422564357096e-17,1.741755022718784e-23,3.415191046629573e-11,2.4375073475884105e-15,aage
aage (55).wav,aage,0.999971330165863,2.8504986403277144e-05,2.2903559474332646e-13,4.06783264850219e-08,2.818365985035598e-09,1.2240157332144008e-07,aage
aage (6).wav,aage,0.9999909400939941,6.06962397009525e-13,3.646557729576226e-15,1.339423717934819e-21,9.105622666538693e-06,6.5849052827225e-14,aage
aage (7).wav,aage,1.0,9.956809384011307e-21,2.7354439340655e-16,2.2736708360182857e-23,1.412461925198727e-09,1.389463085944726e-17,aage
aage (8).wav,aage,1.0,1.1270561151022207e-09,7.745450939235354e-19,2.159871149771912e-18,3.4006262740883624e-25,4.007451870347012e-10,aage
aage (9).wav,aage,0.9997676014900208,3.569670354863774e-07,9.758274245541543e-05,6.672316588129945e-10,1.0523745430646159e-07,0.00013432350533548743,aage
aage.wav,aage,1.0,1.4330098522738477e-12,1.928705717143046e-22,4.395993343115765e-23,1.8732714642129814e-21,1.8368404446088055e-16,aage
aage_k.wav,aage,1.0,7.668411738936953e-11,3.0437653265880105e-13,3.861384545444935e-09,8.819470001392448e-19,2.705553836523933e-10,aage
aage_m.wav,aage,0.999997615814209,2.4395894797635265e-06,2.8327619316557105e-14,3.746981457747323e-12,6.317512441486761e-20,1.2631304335819493e-10,aage
aage_t.wav,aage,1.0,1.8614219032209418e-17,9.89989340505204e-12,9.444095795422319e-19,1.4593001806950667e-10,5.732741755262727e-13,aage
abhi-aage.wav,aage,1.0,1.0937582626711559e-13,5.979338585310605e-17,2.4071270864784214e-21,2.4834453870437207e-19,3.5315758650789064e-10,aage
age (2).wav,aage,1.0,3.4645934125082656e-12,6.396484279295994e-20,4.7596844863353514e-21,9.957093064703711e-25,1.0038881947949108e-09,aage
age.wav,aage,1.0,7.748088301220903e-17,1.2846534965603332e-21,4.353500975747105e-25,3.341172104472161e-30,1.4271353196426695e-11,aage
anup aage.wav,aage,0.9999939203262329,6.069171377021121e-06,3.0926033489728916e-14,2.8099252616532445e-17,4.796520271068773e-17,4.283949780848348e-19,aage
ks-sir-aage.wav,aage,1.0,5.921054011676086e-12,4.956857985054162e-24,1.0820258060308292e-14,8.815944628581363e-25,1.492734010822315e-20,aage
m-aage.wav,aage,1.0,5.086122267791454e-20,1.5013763450727999e-25,2.413130120531258e-14,1.6293357301079835e-34,1.6711203087993454e-08,aage
n-aage.wav,aage,1.0,4.82987316807737e-10,7.135506852051776e-09,1.1246659528153791e-13,3.169638699556956e-23,6.902244482345429e-15,aage
partha-aage.wav,aage,0.9999921321868896,7.823949090379756e-06,1.45740560799433e-25,1.6311611414278675e-22,2.178594534284943e-35,7.144747982265262e-14,aage
sourav-aage.wav,aage,0.9999998807907104,8.450989338664935e-14,1.770093553533452e-17,6.393242248282669e-19,1.673468683665724e-18,8.69947740511634e-08,aage
supriyo aage.wav,aage,0.9999994039535522,5.989307396703225e-07,7.531125029158758e-11,4.15004870746305e-11,1.6143706651431527e-13,3.678461535372435e-09,aage
vivek-aage.wav,aage,1.0,4.4375577003642004e-16,5.0404313491645295e-17,4.5117410104726713e-23,6.578028751619335e-16,2.934806531910278e-14,aage
abhi-baye.wav,bayen,7.723253866954646e-14,1.0,3.676105752768945e-21,1.4740757225961687e-11,5.966049386043224e-34,1.1624687612743531e-17,bayen
anup left.wav,bayen,4.289928619982675e-05,0.9997797012329102,1.4654044207418337e-05,0.00016278383554890752,5.917299983337898e-11,1.186222092774969e-10,bayen
baaye.wav,bayen,3.704666307340239e-15,1.0,0.0,3.939475063505682e-16,0.0,1.8652238321113886e-18,bayen
baayein.wav,bayen,5.217984030969625e-12,0.9999985694885254,1.644284158130581e-23,1.4564953971785144e-06,4.47795630671259e-23,7.615268658722751e-12,bayen
baayein_k.wav,bayen,4.548801122266522e-19,0.9999998807907104,3.277096092846207e-16,1.7525962903164327e-07,7.877182553711721e-19,1.4026125150223834e-08,bayen
baayein_m.wav,bayen,8.682559056902892e-22,0.9999886751174927,3.334472447880335e-24,1.1335597264405806e-05,3.5178355282750384e-32,9.623214105650011e-17,bayen
baayein_t.wav,bayen,1.8922347946288483e-18,0.9999998807907104,5.928548547720429e-26,1.4610552767635454e-09,5.887287178072844e-25,1.590568388110114e-07,bayen
baayen (2).wav,bayen,2.233381529844966e-13,0.9999994039535522,2.6599375539229217e-20,6.011063646838011e-07,7.256502697465574e-24,6.994203122483861e-14,bayen
baayen (3).wav,bayen,8.828858501344925e-19,0.9999996423721313,3.627169618483337e-21,3.756215107841854e-07,1.9689236822420074e-28,7.079033921795451e-23,bayen
baayen.wav,bayen,9.63489554806074e-08,0.9999724626541138,2.4179774626986728e-08,2.738711191341281e-05,3.963059924672052e-08,3.184972563463617e-10,bayen
baye (10).wav,bayen,7.128733159333933e-06,0.999992847442627,9.38008961411281e-14,9.547311385915691e-09,2.6451324871358583e-16,1.0843716617930165e-17,bayen
baye (11).wav,bayen,2.037182480547128e-18,0.9999984502792358,5.256244306436151e-26,1.5747282304801047e-06,5.850791376318267e-23,9.392762073284465e-22,bayen
baye (12).wav,bayen,4.82727809867356e-05,0.9999293684959412,3.139153292863739e-08,2.1775886125396937e-05,4.270788096002315e-13,5.550544983634609e-07,bayen
baye (13).wav,bayen,1.199352084313432e-08,1.0,5.201823087875343e-16,5.8292233887091705e-12,3.947962821221367e-22,3.931956139256836e-22,bayen
baye (14).wav,bayen,1.7866318557935301e-06,0.9999839067459106,2.909842505838256e-13,1.4236783499654848e-05,3.82747560265939e-16,8.698758335867751e-08,bayen
baye (15).wav,bayen,1.3260612532959428e-19,1.0,1.8581305050271108e-24,1.743961419720108e-09,6.23908612745226e-37,2.3289169185546654e-27,bayen
baye (16).wav,bayen,2.564708224344041e-22,0.9999995231628418,7.241239027810452e-24,5.024779738960206e-07,0.0,3.630520911654527e-20,bayen
baye (17).wav,bayen,1.5765677608900464e-12,0.999998927116394,1.502917759560079e-23,1.1051689625674044e-06,0.0,9.714286666739902e-13,bayen
baye (18).wav,bayen,5.059300963661147e-28,1.0,2.9969366159066315e-24,1.1984294112643568e-10,0.0,6.445480224226575e-25,bayen
baye (19).wav,bayen,2.114605379688328e-09,1.0,3.561499022638542e-19,4.047012020207824e-13,7.778267133092329e-24,3.716362549074498e-20,bayen
baye (2).wav,bayen,5.998107008053921e-05,0.9999338388442993,4.7377619694088935e-07,1.3064742176993605e-07,5.561493253480876e-06,2.367054108276534e-08,bayen
baye (3).wav,bayen,3.206483961548656e-05,0.9999678134918213,4.1714332996937303e-14,3.476209764485816e-09,6.763684745856885e-19,8.756781255669921e-08,bayen
baye (4).wav,bayen,2.9423794847953075e-22,0.9999833106994629,2.030043556431626e-20,1.667874130362179e-05,1.1325925539055173e-32,2.179186412645066e-16,bayen
baye (5).wav,bayen,6.173761590844151e-08,0.9999998807907104,4.568581190439458e-12,1.4856552654762822e-09,5.349713185463789e-13,2.3650520599447715e-18,bayen
baye (6).wav,bayen,1.165747914866344e-10,1.0,1.6568485982035258e-22,1.2964698758999305e-12,1.5044113863159401e-37,9.46470644027611e-23,bayen
baye (7).wav,bayen,5.35375355159573e-10,1.0,6.767648078364357e-18,8.411397663457554e-14,2.345419441876142e-27,7.674959300908724e-13,bayen
baye (8).wav,bayen,1.2049869435593052e-10,1.0,3.089049128912169e-18,4.1013322515937034e-08,1.872163979232698e-21,3.0897979758515853e-14,bayen
baye (9).wav,bayen,3.6999782741045176e-22,1.0,1.8299933835380958e-31,1.5408290962581894e-13,4.239878047045261e-37,1.2750064218870768e-21,bayen
baye.wav,bayen,2.239372978239358e-25,0.9999990463256836,3.808376377907046e-30,9.927819064614596e-07,0.0,2.5722448781113763e-27,bayen
bayee.wav,bayen,1.9638949888792461e-29,0.9999986886978149,5.028424409653748e-31,1.2892420500065782e-06,0.0,2.187680134785332e-18,bayen
bayen (10).wav,bayen,3.1730175464872445e-07,0.9999996423721313,7.541412753229342e-20,4.154617188473209e-12,0.0,5.552607381507753e-22,bayen
bayen (11).wav,bayen,8.114685442706104e-06,0.9999914169311523,1.778297047394517e-07,3.042657112928282e-07,2.2261569571389384e-15,3.798929486958924e-12,bayen
bayen (12).wav,bayen,1.4633217946854022e-18,1.0,5.903114979703633e-34,8.364145951670796e-16,2.0471607380639482e-37,9.247257737917802e-15,bayen
bayen (13).wav,bayen,1.0578648470982444e-05,0.9999892711639404,6.066457232389855e-12,1.2538599492017966e-07,2.4709396321374194e-16,1.1702154523174357e-10,bayen
bayen (14).wav,bayen,5.23260044463811e-20,0.9999998807907104,2.2064070107236615e-32,1.287600071009365e-07,0.0,3.910694538319206e-17,bayen
bayen (15).wav,bayen,4.5766248931333915e-15,1.0,5.765776960689389e-26,6.735594026974212e-11,2.1575307239195785e-27,4.951975673667345e-19,bayen
bayen (16).wav,bayen,3.6474201436931253e-10,0.9999997615814209,1.594289818058806e-19,2.3289443618068617e-07,2.457746663850015e-17,7.613773842082491e-14,bayen
bayen (17).wav,bayen,2.6028868554502215e-33,0.9999996423721313,7.61736107884262e-29,3.783646889132797e-07,0.0,5.608713705237138e-33,bayen
bayen (18).wav,bayen,1.987879389296252e-16,1.0,1.3551774595387e-22,8.48460135483009e-10,2.037230591431341e-27,9.222739932868151e-11,bayen
bayen (19).wav,bayen,1.6964226290383522e-07,0.9999998807907104,5.79924468041623e-24,7.241037196931144e-12,1.940912682920422e-15,6.156201850376908e-13,bayen
bayen (2).wav,bayen,1.4480414165518596e-06,0.9999985694885254,3.635340208074929e-20,7.107037736098221e-10,0.0,2.1170088993267043e-19,bayen
bayen (20).wav,bayen,9.095911064077156e-22,1.0,9.360943374242164e-29,3.452076677897681e-14,1.6090990538901083e-36,1.0037558800645173e-17,bayen
bayen (21).wav,bayen,3.875646819532369e-13,1.0,6.037843076601398e-36,1.0914075768359358e-13,1.1114920124567497e-34,7.306290290903162e-29,bayen
bayen (22).wav,bayen,1.828748090459964e-12,1.0,3.619311813023215e-18,2.095557727344044e-09,1.173819347170348e-23,1.1459564850865855e-12,bayen
bayen (23).wav,bayen,4.166221760079159e-15,1.0,0.0,3.098079914608747e-16,0.0,1.6293365300344886e-18,bayen
bayen (24).wav,bayen,9.00536230045149e-19,0.9999996423721313,3.897475925235614e-21,3.8512769151566317e-07,2.1325230050741964e-28,7.276854362187189e-23,bayen
bayen (25).wav,bayen,9.1581370043059e-08,0.9999995231628418,1.869204097060262e-11,6.137476594655911e-13,1.3204541532963685e-24,3.320672874451702e-07,bayen
bayen (26).wav,bayen,8.835123139760981e-07,0.9999990463256836,6.37368202660582e-08,7.067643537084223e-08,4.28646118390612e-17,2.809442999421319e-12,bayen
bayen (27).wav,bayen,2.161312113457825e-05,0.9999784231185913,9.787208885133833e-14,1.208815409754291e-16,5.137439388919538e-25,2.0663638443559063e-13,bayen
bayen (28).wav,bayen,2.987709422086482e-07,0.9999995231628418,1.4090485722650925e-10,7.25491489106389e-08,6.420503810956966e-15,2.3359025824731816e-10,bayen
bayen (29).wav,bayen,9.747798685566522e-06,0.9999448657035828,1.754393075259486e-08,4.525102485786192e-05,9.120111599258962e-08,6.087392010823214e-14,bayen
bayen (3).wav,bayen,1.6196458232499943e-24,1.0,0.0,1.651515326752179e-16,0.0,3.3749680974413528e-28,bayen
bayen (30).wav,bayen,3.973475892450756e-17,0.9999997615814209,2.552019065361981e-24,1.9320779642839625e-07,4.570892429039033e-26,2.380850254836254e-31,bayen
bayen (31).wav,bayen,4.271186071491684e-07,0.9998620748519897,2.163013232348021e-05,1.4593671039619949e-05,0.00010120262595592067,8.042899571174267e-13,bayen
bayen (32).wav,bayen,1.720638647384476e-05,0.9999809861183167,1.9820853847107855e-09,1.6410164107583114e-06,1.0015740059543532e-07,4.0215569763191183e-10,bayen
bayen (4).wav,bayen,6.040978917098982e-08,0.9999997615814209,2.9907607057566565e-08,3.26452997967408e-09,4.140923850559988e-16,9.221638919143516e-08,bayen
bayen (5).wav,bayen,3.5627294198853094e-15,1.0,9.117636525141646e-34,6.855673255652672e-13,0.0,8.268982079220232e-21,bayen
bayen (6).wav,bayen,6.984554147493327e-06,0.9998394846916199,6.44288447801955e-05,8.177467680070549e-05,9.144268915406428e-07,6.33259151072707e-06,bayen
bayen (7).wav,bayen,3.5022624800262747e-09,0.9999939203262329,6.765725958774967e-17,5.371557563194074e-07,1.3139986494714595e-11,5.462460194394225e-06,bayen
bayen (8).wav,bayen,2.382329333805444e-10,0.9999998807907104,1.0215984764586087e-25,1.3464611470226373e-07,1.7661302706867352e-29,2.112957780001979e-15,bayen
bayen (9).wav,bayen,5.202543785858514e-14,0.9999467134475708,1.340267317573307e-05,3.984509748988785e-05,1.7873332227603395e-19,6.312755765174038e-13,bayen
bayen.wav,bayen,2.9605495001305826e-05,0.9999310970306396,8.94108374941122e-18,3.2405594538431615e-05,6.648368980677333e-06,2.3975763951966655e-07,bayen
m-baye.wav,bayen,2.2631976655707216e-14,1.0,1.872046997471341e-24,5.155692496192077e-13,0.0,2.6656580248466087e-20,bayen
n-baye.wav,bayen,2.370667681259042e-13,1.0,7.321539348720388e-25,2.0394497202147477e-09,1.2218986297280967e-36,6.539348992082967e-16,bayen
partha-baye.wav,bayen,9.354244335359512e-19,1.0,1.6013626898725264e-24,1.4731517394839244e-10,0.0,2.108982122622708e-28,bayen
sourav-baye.wav,bayen,3.597468026597661e-12,0.9999991655349731,2.5061529424243733e-17,8.257127319666324e-07,6.68447601450621e-21,1.8313857602576167e-19,bayen
supriyo left.wav,bayen,4.31841858821759e-14,1.0,0.0,5.5614562434469494e-12,0.0,3.274487149102967e-22,bayen
vivek-baye.wav,bayen,7.751157435046343e-26,1.0,1.5523098870495632e-28,4.2514901321677456e-11,0.0,4.263394254387182e-30,bayen
chalo (10).wav,chalo,5.178806716799045e-09,2.549278974584013e-07,0.9999855756759644,1.1796338412750629e-06,1.478357489759219e-07,1.2805876394850202e-05,chalo
chalo (11).wav,chalo,2.586835656299318e-15,6.953349579943307e-16,0.9999997615814209,5.0312910033958186e-15,6.4095126042910884e-24,2.2282512190940906e-07,chalo
chalo (12).wav,chalo,4.585078884476172e-24,8.348957923841177e-27,1.0,1.523806254788429e-11,2.4417988563981406e-29,2.3952842205347824e-13,chalo
chalo (13).wav,chalo,3.872383663727774e-11,2.222569719378953e-07,0.9999997615814209,6.785640382922509e-10,4.695508981633623e-10,5.894481104118995e-16,chalo
chalo (14).wav,chalo,1.6562702598310608e-11,3.287298211418488e-10,1.0,6.30272483509442e-12,5.929332274733773e-14,6.136868235806503e-10,chalo
chalo (15).wav,chalo,7.241273579918101e-23,5.524089489000007e-29,1.0,1.7475886160438443e-19,2.010437408762201e-31,1.8344379563561136e-13,chalo
chalo (16).wav,chalo,9.783334142809963e-10,4.583531332258417e-09,1.0,1.8795255130044097e-08,4.596375583880994e-16,2.6559201060649684e-08,chalo
chalo (17).wav,chalo,4.2634344091873257e-19,4.7025881349338147e-26,1.0,1.9498041148226924e-14,1.9416923569052086e-28,1.7875625770726565e-14,chalo
chalo (18).wav,chalo,2.9106553278701597e-10,2.2192673592340807e-23,0.9999743700027466,6.584768841300104e-11,3.543917029885028e-16,2.5587805794202723e-05,chalo
chalo (19).wav,chalo,1.0106600278891875e-10,2.833078010470308e-13,1.0,1.5566014468942923e-15,2.0294311199194038e-16,5.469522168510821e-09,chalo
chalo (2).wav,chalo,2.3538249127597055e-10,9.955845037268318e-09,1.0,5.353541503334835e-13,3.9362062871292625e-13,3.142813653767007e-08,chalo
chalo (20).wav,chalo,1.1896775611083127e-13,2.0372082493169685e-11,1.0,2.1542677038945135e-14,1.661213423864322e-17,5.777261447015292e-10,chalo
chalo (21).wav,chalo,3.212998763046926e-06,2.659547631321922e-17,0.9999732971191406,1.8573120819098676e-09,2.321551801287569e-05,2.988055598507344e-07,chalo
chalo (22).wav,chalo,3.0798080842942e-05,1.947421555402365e-17,0.9999690055847168,1.2180867751086788e-13,2.935739887771897e-18,2.0978163206564204e-07,chalo
chalo (23).wav,chalo,1.301440791049973e-18,5.488079989982302e-17,1.0,3.006717465612195e-23,7.374235257189152e-25,4.2265751445599853e-13,chalo
chalo (24).wav,chalo,1.4598631819465885e-13,1.0097376773769903e-20,1.0,6.95983547391652e-21,1.4910004987523454e-17,8.361402623712876e-16,chalo
chalo (25).wav,chalo,0.00021230310085229576,4.174348475771694e-07,0.9997865557670593,1.3776808316379174e-07,1.96375316008357e-09,5.99892700847704e-07,chalo
chalo (26).wav,chalo,1.1432758384137954e-15,1.980112756427843e-06,0.9999979734420776,1.9674703421903965e-14,5.816417054498316e-27,1.098420725036131e-12,chalo
chalo (27).wav,chalo,1.624872680849876e-09,1.3191911421017721e-06,0.9999985694885254,5.061861596544759e-09,3.850126326695319e-13,1.2837520557695825e-07,chalo
chalo (28).wav,chalo,1.1278523892599424e-08,6.8526568967886e-12,1.0,3.1729761040821813e-09,2.6808327693167433e-12,7.15850642651894e-12,chalo
chalo (29).wav,chalo,1.150288611029282e-07,4.711947951818729e-07,0.9999811053276062,5.6975162365802134e-09,1.2326181741961761e-10,1.8298063878319226e-05,chalo
chalo (3).wav,chalo,4.0211144283026565e-15,4.631526584996911e-29,0.9999995231628418,1.6836838116741047e-15,9.308733366966791e-22,5.332348109732266e-07,chalo
chalo (30).wav,chalo,3.6048444940206537e-07,1.0766543709905818e-06,0.9999984502792358,1.335313442041297e-07,2.8707386690030035e-08,2.988378294821459e-11,chalo
chalo (31).wav,chalo,2.2539262123366655e-11,2.8663960094377217e-10,1.0,1.0793791668838384e-14,3.4501012181216066e-22,1.4598991694648416e-17,chalo
chalo (32).wav,chalo,3.6048444940206537e-07,1.0766543709905818e-06,0.9999984502792358,1.335313442041297e-07,2.8707386690030035e-08,2.988378294821459e-11,chalo
chalo (33).wav,chalo,2.7874170816156356e-16,1.3173390093743848e-26,0.9999998807907104,2.388573618950819e-16,1.4268099582600758e-24,1.3543453292186314e-07,chalo
chalo (34).wav,chalo,2.794698283556385e-12,5.856292091266369e-07,0.9999992847442627,7.033205662310138e-08,5.055879692228253e-14,6.340300728879811e-09,chalo
chalo (35).wav,chalo,2.5289953555329703e-05,1.5914516552584246e-05,0.999896764755249,4.531553713604808e-06,7.613346042489866e-07,5.680200411006808e-05,chalo
chalo (4).wav,chalo,2.2976160362307707e-13,3.5650351163596295e-18,1.0,6.984417375328778e-19,3.449251130502979e-19,1.0012540276049808e-11,chalo
chalo (5).wav,chalo,2.3952131300575275e-07,2.2947357347646857e-09,0.9999986886978149,7.535161330451956e-07,2.117340187623995e-07,8.585799804450289e-08,chalo
chalo (6).wav,chalo,2.8678041275043142e-08,6.299657684394333e-09,1.0,1.5266120886956586e-13,1.1221995961608819e-13,1.6112455814010218e-10,chalo
chalo (7).wav,chalo,2.9690434530493803e-05,3.1662083627431866e-16,0.9999703168869019,9.214860862208352e-13,8.567624937733328e-18,3.582044660888073e-10,chalo
chalo (8).wav,chalo,1.1981053356455856e-13,6.851805847475808e-20,1.0,1.0400549777380525e-20,9.094844372672004e-20,6.4557496989251645e-15,chalo
chalo (9).wav,chalo,1.6477325146674326e-14,6.642225343966857e-06,0.999987006187439,6.365356966853142e-06,2.9868307396652653e-17,7.050276025965738e-14,chalo
chalo.wav,chalo,1.0218172430081596e-15,3.005065506193523e-29,0.9999990463256836,2.354683195456464e-15,4.636457597181608e-21,8.996990459309018e-07,chalo
chalo_k.wav,chalo,1.81967884770734e-14,3.1412778483937672e-24,1.0,4.2743330617648676e-17,3.850538310099955e-23,1.3663069190850228e-14,chalo
chalo_m.wav,chalo,3.506872570113728e-11,2.93714739216331e-14,1.0,8.804844874032991e-12,5.091895549027374e-17,6.04516853242032e-11,chalo
chalo_t.wav,chalo,6.394917825532434e-14,5.2441312131301283e-20,1.0,2.822067280428788e-19,1.4453305129647973e-18,2.475565759330056e-12,chalo
chlo (10).wav,chalo,8.488527214467467e-09,5.241091457719449e-06,0.999988853931427,9.371905473898323e-10,4.6858358473400585e-06,1.205908233714581e-06,chalo
CHLO (11).wav,chalo,6.561176081609776e-12,6.094450652355678e-19,1.0,1.6477546417510197e-28,3.76256607928184e-20,2.41553773511205e-11,chalo
chlo (12).wav,chalo,1.4684051166113932e-06,3.6004277337298163e-09,0.9999579191207886,1.3018395250696813e-08,4.055949466419406e-05,8.220650549173314e-11,chalo
chlo (13).wav,chalo,2.872446458468403e-08,6.974860966568741e-11,1.0,1.337402766792917e-15,2.0065951938236237e-12,2.261195813924033e-10,chalo
chlo (14).wav,chalo,2.0942675215647802e-16,1.8636590131875915e-18,1.0,3.437196834231397e-17,3.642974806440013e-23,7.718262695632916e-10,chalo
chlo (15).wav,chalo,1.0964466001794904e-09,1.110027759813892e-12,1.0,2.961660864470028e-12,3.2619791312527013e-09,2.0176983639430546e-08,chalo
chlo (16).wav,chalo,4.1953146512341277e-10,1.7138511338998796e-06,0.9999982118606567,9.675499290651146e-10,6.075560654615966e-14,8.76239383273969e-08,chalo
chlo (17).wav,chalo,1.0696743629523553e-05,2.9747629923804197e-06,0.9999777674674988,8.521275958628394e-06,2.710648927539694e-10,6.527421714253023e-09,chalo
chlo (18).wav,chalo,2.611280081055156e-07,9.866474905964248e-14,0.9999995231628418,2.447016114043299e-13,1.8697131524832446e-23,2.048628431339239e-07,chalo
chlo (19).wav,chalo,5.7323859437019564e-08,2.4105657021341985e-20,0.9999277591705322,3.8586349393465724e-11,1.7625252386049839e-12,7.214706420199946e-05,chalo
chlo (2).wav,chalo,1.8910913484574028e-14,4.008579779224419e-08,1.0,1.914021025006818e-11,2.4631905664209266e-25,1.2316574843351802e-11,chalo
chlo (20).wav,chalo,9.07480674264792e-14,3.6522459541820515e-21,1.0,1.040140894997875e-15,1.069493275949844e-14,3.504855017322228e-10,chalo
chlo (21).wav,chalo,1.1427496726668096e-09,4.375456594263305e-12,1.0,2.4320892522133875e-10,1.0768479163925093e-10,6.01458674531763e-11,chalo
chlo (3).wav,chalo,7.91335313249375e-12,2.4978652479745733e-10,1.0,8.923010984610014e-14,3.867807394080259e-15,8.302532550352737e-10,chalo
chlo (4).wav,chalo,1.099188824028587e-18,3.4267234041874953e-17,1.0,2.3088417261610214e-23,2.427353108534802e-25,4.894494640313163e-13,chalo
chlo (5).wav,chalo,2.8537903104756793e-24,1.8985536976369468e-26,1.0,5.757222946043675e-20,6.500362651986692e-35,9.094061766655448e-13,chalo
chlo (6).wav,chalo,1.2674195026818325e-10,4.1555439102801406e-13,1.0,5.115619841795926e-13,5.525182362412645e-15,1.7612158953461687e-10,chalo
chlo (7).wav,chalo,4.33546292399542e-13,3.448489710749124e-18,1.0,9.52932497022218e-18,4.253567283468497e-22,9.280955864943152e-11,chalo
chlo (8).wav,chalo,1.2693691360254888e-06,1.7637926980496738e-13,0.9999986886978149,5.507152719963493e-11,2.685101252453137e-09,2.295783296801801e-08,chalo
chlo (9).wav,chalo,1.3779578367234535e-08,5.669762686011381e-07,0.9999909400939941,1.1038249203565442e-09,7.62779943375147e-12,8.53519122756552e-06,chalo
chlo.wav,chalo,4.4506356933204927e-10,4.7401058509422e-06,0.999995231628418,1.1962411855352684e-13,1.6818480202268615e-13,8.601042544853499e-09,chalo
abhi-daye.wav,dayen,2.466247171761804e-11,8.950264032137056e-07,2.5981515116429987e-12,0.9999990463256836,2.396724018000699e-22,7.636130443244848e-12,dayen
anup right.wav,dayen,4.2653044290963393e-11,1.6469191905343905e-05,7.15299321996099e-08,0.9999834895133972,5.436845093055587e-13,3.3300355806176185e-09,dayen
daaye.wav,dayen,3.9137314570882926e-36,5.645042606646812e-15,7.504746787521132e-33,1.0,0.0,0.0,dayen
daayein.wav,dayen,1.1220222756522353e-20,6.907651783905067e-09,3.71869783162798e-15,1.0,8.933714936531852e-27,1.4327191291299127e-21,dayen
daayein_k.wav,dayen,5.876693885451374e-26,1.2456245236658336e-11,1.2156101525472098e-18,1.0,6.05072758436049e-30,2.293217389300033e-23,dayen
daayein_m.wav,dayen,2.8592100108027447e-34,3.552002090145834e-05,9.592337107744631e-18,0.9999644756317139,7.088299901763614e-37,3.1610297806877424e-28,dayen
daayein_t.wav,dayen,8.018657505601233e-24,1.3571406043411116e-07,2.751975513790028e-12,0.9999998807907104,5.199595705552697e-18,2.891870647826767e-25,dayen
daayen (2).wav,dayen,4.913622677141238e-13,1.4731852822596862e-14,3.3128568333040675e-08,1.0,3.955942920758991e-27,3.058999581417865e-11,dayen
daayen (3).wav,dayen,8.336655776992138e-31,1.684117911793237e-08,2.395260944069392e-17,1.0,1.7255322552062277e-31,8.549445269010757e-30,dayen
daayen.wav,dayen,5.215066994423978e-05,5.710581341134002e-09,9.57182848537741e-08,0.9998956918716431,2.783651689242106e-05,2.4245387976407073e-05,dayen
daye (10).wav,dayen,2.1342465833201216e-17,2.928572484961478e-06,4.8461265518074184e-14,0.9999970197677612,6.803336106281366e-14,6.795016021014921e-20,dayen
daye (11).wav,dayen,1.7038934533293417e-28,5.910639174544485e-06,1.8936172202275776e-18,0.9999940395355225,1.0140425903413672e-29,1.937516146339675e-27,dayen
daye (12).wav,dayen,1.5345558157520145e-09,1.3736742263717835e-16,7.053067919220235e-26,1.0,9.619405898458715e-15,2.190691184011939e-09,dayen
daye (13).wav,dayen,2.6112519972017806e-20,2.6979355425282847e-06,6.666752805866262e-17,0.9999972581863403,1.8100037303981921e-35,4.198560805352646e-25,dayen
daye (14).wav,dayen,1.9271075013538308e-10,7.398674739533817e-08,5.3598405713728425e-08,0.9999984502792358,1.5324498008340015e-06,1.2511884161115622e-13,dayen
daye (15).wav,dayen,2.8152741249343194e-10,7.033967852621004e-10,5.689091413559527e-18,1.0,3.628041551406155e-29,1.703528464125359e-11,dayen
daye (16).wav,dayen,1.3400832093307669e-12,2.0693855731224176e-06,4.8883581627023887e-08,0.9999979734420776,3.2153311741154596e-19,2.5537127402591595e-21,dayen
daye (17).wav,dayen,3.1451720587938325e-06,1.517495888947451e-07,1.243630104159748e-20,0.9999966621398926,3.792918690237457e-08,3.292904956955084e-13,dayen
daye (18).wav,dayen,4.594505242179035e-21,1.0229356206536977e-07,6.899235556618986e-17,0.9999998807907104,1.3302841992549509e-30,5.977103212423241e-17,dayen
dAye (19).wav,dayen,4.909644790192366e-15,3.922224095731508e-06,2.6095580557550235e-11,0.9999960660934448,2.2543039496573437e-19,7.843808917922503e-19,dayen
daye (2).wav,dayen,5.366189545825803e-31,1.4611752021005675e-13,1.612945714955374e-29,1.0,0.0,4.5760695031269166e-36,dayen
daye (3).wav,dayen,1.6809663256306777e-30,2.265734792672447e-06,1.226521574725458e-17,0.9999977350234985,6.477637322042408e-31,1.2797770337567128e-24,dayen
daye (4).wav,dayen,5.8870896488898655e-31,2.1504199296766687e-15,5.433380802918805e-31,1.0,2.8418478214878553e-34,4.49888777737394e-37,dayen
daye (5).wav,dayen,5.563846952605367e-11,5.194210928038956e-08,4.93318511871621e-05,0.9999505281448364,2.0172521431049972e-08,3.3614764188434986e-21,dayen
daye (6).wav,dayen,3.021462203697811e-12,2.7515153533386183e-07,8.060762572765947e-17,0.9999997615814209,6.789204430976883e-20,9.272573567477762e-17,dayen
daye (7).wav,dayen,1.586938593644695e-16,8.820726371538967e-09,5.601930919141296e-09,1.0,2.6086439448730042e-25,1.902491916942567e-17,dayen
daye (8).wav,dayen,1.1751004900042994e-12,5.745301677961834e-06,6.3580995056009525e-15,0.9999942779541016,1.451724584585294e-28,4.597734542365745e-16,dayen
daye (9).wav,dayen,2.2624061979848072e-14,1.980048546101898e-05,8.188221628513404e-11,0.9999802112579346,1.8695731025357527e-20,1.1373116858004462e-11,dayen
daye.wav,dayen,0.0,8.062560357844847e-14,3.5015995726273723e-22,1.0,0.0,7.156429696820871e-35,dayen
dayen (10).wav,dayen,2.7725960535462946e-05,3.0940941542212386e-06,1.9086362698650383e-11,0.9999691843986511,1.0945828661859669e-13,1.307781736636232e-13,dayen
dayen (11).wav,dayen,4.606253682111873e-15,8.486897407067318e-09,5.037243408848036e-13,1.0,1.7839707315220464e-28,1.9344349984562947e-15,dayen
dayen (12).wav,dayen,3.1678130171103325e-12,5.987551426889226e-11,2.8568954885097616e-16,1.0,4.443598224010496e-19,4.880948618370129e-13,dayen
dayen (13).wav,dayen,1.4754809818384729e-08,5.6257722462760285e-06,2.091363739964436e-06,0.9999920129776001,5.761490173838979e-10,2.2556437784260197e-07,dayen
dayen (14).wav,dayen,2.7448455641693938e-27,4.028562443636474e-07,6.254964533233711e-19,0.9999996423721313,3.099522627468537e-30,1.2900436194647122e-16,dayen
dayen (15).wav,dayen,1.3159870846438657e-31,5.884256097488105e-06,5.031264481594311e-22,0.999994158744812,0.0,2.9369404213593487e-36,dayen
dayen (16).wav,dayen,1.3627997114042806e-13,4.0848750359145924e-05,7.569439617327589e-07,0.9999583959579468,2.8853618713048368e-12,3.1276064083322236e-20,dayen
dayen (17).wav,dayen,4.61855286308488e-32,7.903737241576891e-06,3.6403185539999526e-24,0.9999921321868896,0.0,1.1126563724883468e-30,dayen
dayen (18).wav,dayen,1.0924955628551435e-19,1.3665194193226982e-12,5.208690804541901e-17,1.0,7.212275810348645e-22,4.606453158370952e-15,dayen
dayen (19).wav,dayen,5.451823340245122e-20,7.69203552408726e-07,2.0489811019749893e-13,0.9999992847442627,1.3542952938912426e-26,6.677344409000425e-20,dayen
dayen (2).wav,dayen,2.9748915136851295e-11,1.4914338862581644e-05,2.7731260843211203e-07,0.9999784231185913,1.1543562113136563e-11,6.453153218899388e-06,dayen
dayen (20).wav,dayen,5.2586200053420306e-18,4.883135007460737e-10,4.01129194307872e-17,1.0,5.733180970491704e-35,1.157001901444933e-15,dayen
dayen (21).wav,dayen,1.0329941090993373e-18,1.3393903941505414e-07,1.3216586775434482e-17,0.9999998807907104,1.2936103891788164e-18,6.227020480705654e-25,dayen
dayen (22).wav,dayen,2.1286958740845963e-12,2.547875226355245e-07,1.2339792476723233e-07,0.9999996423721313,3.614043174968851e-24,5.94348403826217e-10,dayen
dayen (23).wav,dayen,1.0327482689465237e-36,1.4265880304796248e-15,3.291714422746589e-33,1.0,0.0,0.0,dayen
dayen (24).wav,dayen,8.456705723657436e-31,1.6535613767132418e-08,2.4309306264439035e-17,1.0,1.7625615027514806e-31,8.550423280310642e-30,dayen
dayen (25).wav,dayen,9.968019742956358e-10,5.2962832342018373e-08,6.432477661633129e-09,1.0,6.506654119451362e-23,1.925593018370364e-10,dayen
dayen (26).wav,dayen,2.1466114747282355e-13,7.352616194111761e-06,1.7777231035441717e-14,0.9999926090240479,7.703880507958382e-25,4.907039943650993e-13,dayen
dayen (27).wav,dayen,7.880090869046669e-21,3.449732166593833e-11,5.271988401389649e-10,1.0,8.077916105712711e-23,7.162817033625223e-21,dayen
dayen (28).wav,dayen,1.9400043527184607e-07,1.2728264664474409e-08,1.0780570186552652e-10,0.9999988079071045,4.258672081647319e-09,1.019823912429274e-06,dayen
dayen (29).wav,dayen,1.0489729202443898e-13,2.278200554428622e-06,2.7302635885462223e-07,0.9999971389770508,3.0944797598851203e-16,2.857530034816591e-07,dayen
dayen (3).wav,dayen,3.930426650811114e-09,0.00013255001977086067,1.5919988938239982e-10,0.9998674392700195,7.097413802503727e-12,3.7255333366903454e-13,dayen
dayen (30).wav,dayen,1.0868475390501953e-11,1.810879779462482e-09,1.299985797231784e-06,0.9999986886978149,7.38942795841524e-11,2.626393534892104e-14,dayen
dayen (31).wav,dayen,1.0934948693058777e-12,4.524039365350063e-09,9.16458532174147e-07,0.9999990463256836,2.2948667965927427e-10,1.1496765995808178e-13,dayen
dayen (32).wav,dayen,4.900590745495282e-22,2.2502943952673604e-09,4.658789098361747e-26,1.0,3.674366185099744e-29,6.0930265284530234e-21,dayen
dayen (33).wav,dayen,3.229008527227961e-08,6.512803185643179e-09,2.875329696561124e-10,0.9999933242797852,6.6229881667823065e-06,4.914872397954184e-10,dayen
dayen (4).wav,dayen,0.0003489828377496451,7.748360076220706e-05,6.1457026276912075e-06,0.9995661973953247,7.037425007183629e-07,5.237421305537282e-07,dayen
dayen (5).wav,dayen,5.96122969918641e-18,7.946632935018627e-11,5.335503566739064e-11,1.0,6.086942954320994e-20,2.097106617185299e-15,dayen
dayen (6).wav,dayen,1.1767017481928432e-12,2.0756983758474234e-06,2.3663553755381983e-11,0.9999979734420776,5.994982199852048e-21,2.913221747169459e-11,dayen
dayen (7).wav,dayen,1.2810302677575963e-13,1.7357576780341333e-06,8.054557455033917e-13,0.9999982118606567,1.664379798661705e-27,1.5708089126306723e-13,dayen
dayen (8).wav,dayen,1.4567051604219783e-16,1.093186369871546e-06,7.73749640747834e-12,0.999998927116394,3.738005972832358e-31,1.3081895301931247e-17,dayen
dayen (9).wav,dayen,2.5639019440859556e-06,1.044796226778999e-05,3.1174397463473724e-07,0.9999840259552002,2.586180244179559e-06,1.130176729979837e-09,dayen
dayen.wav,dayen,1.818849191839522e-18,8.852327759711898e-09,4.1641901515551694e-14,1.0,2.4573436279990416e-25,5.799259877032708e-19,dayen
m-daye.wav,dayen,4.612484352795043e-11,8.313664778825114e-08,2.7865048655008365e-37,0.9999998807907104,0.0,6.949759541638572e-19,dayen
n-daye.wav,dayen,3.9890519273194647e-13,3.957590158365498e-11,3.586381077073984e-26,1.0,6.204494282510198e-33,3.327631002375999e-27,dayen
partha-daye.wav,dayen,4.7645870864673445e-22,6.9629582100105836e-09,4.2548135183676373e-16,1.0,2.2543923064289597e-32,1.3526344027220821e-25,dayen
sourav-daye.wav,dayen,1.3562059409114623e-38,3.844030649347019e-11,1.6560019295711702e-22,1.0,0.0,5.757401434659672e-34,dayen
supriyo right.wav,dayen,3.105624557520059e-07,8.050342614751571e-10,4.266659518818689e-24,0.9999996423721313,3.4652403424170117e-23,1.1352080401736114e-14,dayen
vivek-daye.wav,dayen,9.337150616265137e-30,1.9894464742264972e-08,8.425503430183122e-16,1.0,7.653741544531267e-37,8.265471600688263e-31,dayen
abhi-piche.wav,piche,4.799816451850347e-05,3.924924385501072e-08,3.046196628275766e-10,2.1689984530670614e-10,0.999951958656311,1.250670828158813e-15,piche
anup pi6e.wav,piche,2.6152408736379584e-06,4.778121454052098e-09,5.908356033190612e-16,1.0785293014584085e-12,0.9999973773956299,8.113779615730231e-23,piche
m-piche.wav,piche,0.00030757798231206834,8.346395929947903e-07,3.937498660455674e-10,4.1023473507095787e-10,0.9996916055679321,1.5288099020245582e-13,piche
n-piche.wav,piche,1.866208142881076e-12,6.847708320366157e-26,1.4746968205777135e-19,2.122224959713383e-21,1.0,4.279003314733333e-30,piche
partha-piche.wav,piche,1.2396607296238926e-08,1.085642975528784e-15,3.8872713641752155e-16,1.7502706199330768e-19,1.0,4.231031737695982e-26,piche
piche (10).wav,piche,1.2945876141923218e-11,4.405718231028712e-21,2.1823628885608705e-20,5.765389925807765e-23,1.0,1.1990041202892982e-31,piche
piche (11).wav,piche,1.0951339119401327e-13,7.413238389236025e-26,4.600020501666737e-25,7.527904521820749e-28,1.0,4.785258252582131e-38,piche
piche (12).wav,piche,2.207562041153799e-12,4.9270819316265026e-20,1.1156566086328949e-16,6.864700009950118e-21,1.0,1.2791654890614629e-23,piche
piche (13).wav,piche,1.3533175448332546e-11,1.7021794113521128e-16,1.220299932439418e-15,6.056557508494624e-19,1.0,1.33117785708022e-30,piche
piche (14).wav,piche,3.531368292897241e-06,1.7222062317912012e-11,7.889599347096765e-13,8.932540528783098e-16,0.9999964237213135,4.583563577340551e-22,piche
piche (15).wav,piche,1.2303004101599235e-11,9.993523369944413e-11,2.3284993724836944e-12,1.062614909167463e-17,1.0,1.390388221867029e-21,piche
piche (16).wav,piche,7.895094427112781e-07,4.376054206500779e-12,1.437423449582656e-13,1.305687788604907e-16,0.9999991655349731,2.3912996841986547e-22,piche
piche (17).wav,piche,7.531872694976904e-12,7.921834409412187e-21,3.8911317669963074e-22,5.590118285530864e-23,1.0,2.9113398791838515e-33,piche
piche (18).wav,piche,0.0003047171630896628,8.983912266558036e-06,1.4513802382154495e-09,1.6064080621269738e-10,0.9996863603591919,9.152071351678915e-16,piche
piche (19).wav,piche,3.5694081361725694e-06,7.1321605901175644e-06,3.75620032855295e-07,4.397385964693967e-06,0.9999843835830688,1.5324295077334682e-07,piche
piche (2).wav,piche,6.168206164147705e-05,4.1886012019931584e-11,2.5847466389450346e-09,1.4843035689438011e-09,0.9999383687973022,1.7338814845696549e-12,piche
piche (20).wav,piche,2.3785332814441063e-05,4.821084075956605e-06,2.9992797134781313e-10,1.0461128630012695e-09,0.9999713897705078,4.960448894632437e-14,piche
piche (21).wav,piche,2.7069873453910986e-07,4.6955349358073287e-14,9.342670917228315e-15,6.607820137009284e-19,0.9999997615814209,7.826926045878624e-25,piche
piche (22).wav,piche,2.0259884880857726e-09,4.606080850066974e-09,8.798326650572008e-13,2.5519553853542678e-21,1.0,2.4942307882556465e-19,piche
piche (23).wav,piche,9.49432539017062e-15,6.163281505639928e-26,3.456882361126195e-24,8.34734586809243e-24,1.0,6.108290049830953e-37,piche
piche (24).wav,piche,7.200286233910447e-08,1.42705231589391e-20,1.866283088584551e-19,1.2506398842982185e-23,0.9999998807907104,9.107553225172132e-27,piche
piche (25).wav,piche,4.136875020321895e-08,2.377947378869277e-15,7.470026760515985e-15,2.25154582478293e-11,1.0,5.666917761905246e-16,piche
piche (26).wav,piche,5.801864517707145e-07,2.961662304290513e-10,6.049150069742382e-09,1.614251375799125e-12,0.9999994039535522,1.3875827570286603e-12,piche
piche (27).wav,piche,1.8069945539878063e-08,1.3837723149409328e-16,7.010464799818428e-13,7.412465635489982e-21,1.0,3.386412479690477e-25,piche
piche (28).wav,piche,4.553516244620859e-11,1.88409203574707e-22,1.678878593764331e-14,1.4271893823063496e-19,1.0,7.39194121654101e-20,piche
piche (29).wav,piche,5.1935664657776215e-08,1.2655576185540557e-13,1.0414085094495942e-13,7.453449048571352e-18,1.0,5.622067783281039e-23,piche
piche (3).wav,piche,3.9872364965276574e-08,1.0237395348579116e-19,2.7217966120112324e-17,9.997027254764353e-23,1.0,4.0400744018552524e-30,piche
piche (30).wav,piche,2.704587132029701e-06,4.605046067238973e-14,2.0438570540876055e-12,2.5937829675931384e-17,0.9999972581863403,1.1763992631183317e-21,piche
piche (31).wav,piche,4.62074183360528e-08,3.7244600292751784e-08,2.1148654934138204e-18,9.29365100432733e-08,0.9999997615814209,2.7492707271802937e-25,piche
piche (32).wav,piche,3.0228752621042076e-06,4.28916234126997e-12,2.0147522539204488e-10,5.391944668531323e-09,0.9999970197677612,1.414709399246008e-16,piche
piche (33).wav,piche,6.882955403852975e-06,3.2350634642303356e-18,2.1180585594707854e-16,5.011080416771249e-18,0.999993085861206,3.976737796478297e-18,piche
piche (34).wav,piche,7.708168823228334e-07,2.597046355745647e-09,2.4106743077428883e-12,3.355001789351244e-15,0.9999992847442627,3.3598603066437874e-20,piche
piche (35).wav,piche,8.550142956664786e-05,3.164985634684925e-13,6.370408556222174e-08,4.2012021032183933e-13,0.9999144077301025,1.9918033964793497e-13,piche
piche (36).wav,piche,2.22428934648633e-05,2.0269368405934074e-09,1.4013713800498095e-10,1.0473252717553908e-13,0.999977707862854,2.10563490224028e-17,piche
piche (37).wav,piche,1.2861139236930441e-11,4.353111078878117e-21,2.1535996214638996e-20,5.704506272231531e-23,1.0,1.1811810398432605e-31,piche
piche (38).wav,piche,1.0378576253619598e-12,5.379058708111163e-24,1.466235569695121e-22,1.4281053418221585e-25,1.0,7.215365126480262e-35,piche
piche (39).wav,piche,3.0856818966640276e-07,1.3389416153586353e-07,3.445190577266999e-09,6.605803404280408e-11,0.9999995231628418,2.3283484515412844e-11,piche
piche (4).wav,piche,1.333409006446613e-15,3.6356384454598455e-19,2.9116043269271014e-27,1.116152669598201e-27,1.0,0.0,piche
piche (40).wav,piche,7.093999556673225e-06,5.2950581419519693e-11,2.9547156827902654e-06,4.175465164735215e-06,0.9999856948852539,7.980522612276956e-16,piche
piche (41).wav,piche,1.8786326108966023e-05,2.0406760725677486e-09,7.644444972865205e-12,6.482468506213354e-14,0.999981164932251,4.67985800293229e-20,piche
piche (42).wav,piche,1.501080646448827e-07,1.2093486434643671e-16,1.8740816957009127e-18,2.209662352935178e-21,0.9999998807907104,3.033126076779064e-27,piche
piche (43).wav,piche,7.614558398927329e-06,2.339175944957028e-12,1.4572736350970672e-09,5.304121231120007e-08,0.999992311000824,3.2115890502559807e-10,piche
piche (44).wav,piche,6.224270327948034e-05,6.502732958324486e-06,1.873805288710173e-08,1.3336296043192641e-12,0.9999312162399292,1.8938407327008955e-15,piche
piche (45).wav,piche,2.6471739147382323e-06,3.0530094511510564e-12,1.087455646364699e-11,1.2270699491494664e-15,0.9999973773956299,1.2984409171609729e-20,piche
piche (46).wav,piche,6.505389592348365e-06,1.5596717168643581e-13,3.643158586358894e-16,8.262188599945699e-19,0.9999934434890747,1.5067973333157453e-21,piche
piche (47).wav,piche,1.0937505976471584e-06,3.381144031422423e-09,1.6283387971327556e-09,4.559240762702643e-10,0.999998927116394,8.728911013054438e-14,piche
piche (48).wav,piche,2.5785089974306175e-07,3.639206436201192e-10,7.377092101253091e-13,1.094779215199404e-12,0.9999997615814209,6.675924501780189e-19,piche
piche (49).wav,piche,1.0291703347320436e-06,1.1160098690175032e-14,2.1464777112852051e-13,1.8283429505249462e-18,0.999998927116394,6.583266712844616e-24,piche
piche (5).wav,piche,0.00027306636911816895,1.1877110406288693e-10,1.8518259842226215e-12,1.4943118350932931e-16,0.9997269511222839,3.713204631585815e-22,piche
piche (50).wav,piche,2.0905105424517956e-10,9.403284998132683e-21,6.060195159315418e-16,2.7093215289620446e-19,1.0,3.230738311694603e-22,piche
piche (51).wav,piche,5.67920096727903e-06,0.00032320930040441453,4.2872251526659966e-08,1.5449575840875696e-08,0.9996711015701294,3.3256961073924174e-10,piche
piche (52).wav,piche,4.9495294973667114e-08,8.078953928797214e-18,3.2574290466021465e-16,3.7119685559670935e-21,1.0,3.2924404104321556e-27,piche
piche (53).wav,piche,2.1884192236143463e-09,3.96646297249947e-18,5.5035522379039836e-17,5.623146339154206e-21,1.0,2.569275864509109e-27,piche
piche (54).wav,piche,7.584172873054129e-12,3.0400003355074202e-24,1.5338835477614436e-23,6.13232195067231e-27,1.0,1.71517855836137e-36,piche
piche (55).wav,piche,2.4331068289029645e-06,2.59568128058163e-06,6.487799169008213e-07,2.3871109533502022e-08,0.999994158744812,1.6555901538595208e-07,piche
piche (6).wav,piche,2.1132582988213355e-13,7.099295277720637e-22,5.850940086065232e-21,2.3058754513852093e-23,1.0,1.4198978465206788e-32,piche
piche (7).wav,piche,1.5220866234066932e-11,1.0084306746431915e-24,7.01983436657283e-12,4.291420048960314e-18,1.0,1.5218589212616371e-24,piche
piche (8).wav,piche,2.7786345526692457e-06,4.549336907189172e-08,1.5652545926059247e-08,3.639714805103722e-06,0.9999935626983643,2.143189403724932e-09,piche
piche (9).wav,piche,2.3696626158198342e-05,2.2054256199055544e-09,1.4519443980454128e-10,1.1112866947190006e-13,0.9999762773513794,2.3219542129514724e-17,piche
piche.wav,piche,6.4565751927148085e-06,3.604967073553983e-13,2.117458118566784e-12,9.566451317655397e-18,0.9999935626983643,1.920098045598509e-21,piche
piche2.wav,piche,1.1228768244109233e-06,2.587709824197759e-09,8.035851151166895e-11,7.208463968962076e-13,0.999998927116394,1.482197642673556e-17,piche
piche_k.wav,piche,1.6077068494269042e-06,4.497320417007171e-14,2.0635231804538856e-12,2.152039879632639e-09,0.9999984502792358,1.0924555259982788e-13,piche
piche_m.wav,piche,8.706129350430358e-13,7.169944776868017e-23,4.434338247245695e-18,1.8582175242735657e-22,1.0,3.566532104103459e-25,piche
piche_t.wav,piche,5.520029312117147e-12,4.86365722454592e-23,5.105444366795383e-20,4.7049253942105164e-24,1.0,1.0009999256856603e-30,piche
sourav-piche.wav,piche,1.3800924989482155e-06,6.016771824692013e-14,8.324727155887949e-16,8.508388569514451e-19,0.9999985694885254,1.397115734951837e-23,piche
supriyo pi6e.wav,piche,7.3719044202391615e-09,2.9891892997305214e-13,4.1561855313849386e-17,1.9766569566044556e-13,1.0,4.751580313530834e-19,piche
vivek-piche.wav,piche,9.062324579645065e-07,5.5414943467280153e-11,1.2483799584350752e-11,6.290552122068329e-16,0.9999990463256836,2.504194939740011e-16,piche
ruko (1).wav,ruko,1.9560277612605374e-26,7.020398482931217e-34,1.6821751401159264e-16,4.233429747150995e-22,0.0,1.0,ruko
ruko (10).wav,ruko,7.72105622853634e-26,2.1974650016870694e-29,6.227380792924114e-24,3.53340409162712e-20,0.0,1.0,ruko
ruko (11).wav,ruko,3.131130288214579e-18,3.404606730585965e-35,2.314622018356749e-12,3.401885817370488e-17,4.391170928514635e-36,1.0,ruko
ruko (12).wav,ruko,4.4747487616770355e-32,4.750301035655974e-31,1.5158713406500053e-27,8.477875244679586e-28,0.0,1.0,ruko
ruko (13).wav,ruko,4.39716511710438e-24,1.3564004953947606e-11,8.203383042320768e-28,2.4596419000694966e-17,2.012390332194623e-27,1.0,ruko
ruko (14).wav,ruko,1.8665132301975973e-06,3.37400269927457e-05,1.0544981705606915e-05,2.0431230041140225e-06,6.646048404945759e-07,0.999951183795929,ruko
ruko (15).wav,ruko,2.0441262904569157e-07,1.5631501355528599e-06,1.7779436802811688e-06,1.1230421925745304e-08,3.5577936430275514e-11,0.9999964833259583,ruko
RUKO (16).wav,ruko,6.0377244318126886e-24,3.36221721304265e-17,2.8031677175022196e-06,1.8326120555157265e-19,4.150380140933518e-37,0.9999971389770508,ruko
ruko (17).wav,ruko,2.0449848293632917e-20,1.012666660489002e-25,8.708592247330671e-08,4.710670872473677e-13,1.6199116192467084e-31,0.9999998807907104,ruko
ruko (18).wav,ruko,1.7432105343500584e-15,4.165510312580855e-20,7.930622814456001e-06,2.4703492723654463e-11,2.3227100586469878e-23,0.9999920129776001,ruko
ruko (19).wav,ruko,1.4919187711409307e-14,6.746864400497543e-09,7.148107439292062e-09,2.74708294306647e-12,3.6200454395084885e-17,1.0,ruko
ruko (2).wav,ruko,5.303848173284899e-18,1.0418114287924496e-10,6.699367446574795e-20,3.5491471274620785e-17,5.958424290289542e-21,1.0,ruko
ruko (20).wav,ruko,4.552440300948068e-22,2.9643398577837225e-23,8.330976196515527e-21,3.0379662024430445e-20,3.4961075437576454e-33,1.0,ruko
ruko (21).wav,ruko,1.4734849625164248e-15,1.1498816832045122e-07,9.14555004187488e-24,1.4161821777830465e-16,6.076205436547919e-26,0.9999998807907104,ruko
ruko (22).wav,ruko,3.899255034411908e-07,1.3959299394628033e-05,1.2828309081669431e-05,7.693607244618761e-07,1.7624353532141868e-08,0.9999721050262451,ruko
ruko (23).wav,ruko,1.3387768772360868e-21,1.8489302352004722e-18,2.1469407848750954e-11,7.651680711020577e-19,9.003714015918572e-27,1.0,ruko
ruko (24).wav,ruko,8.494461134489484e-09,3.483399278660787e-14,5.76556544729101e-07,6.208902192383903e-08,6.338672830059235e-34,0.9999994039535522,ruko
ruko (25).wav,ruko,1.1811121715103795e-18,4.390512653090651e-23,6.695460541550347e-08,2.6034517423834114e-12,1.968238408557366e-23,0.9999998807907104,ruko
ruko (26).wav,ruko,2.8847494116609225e-20,5.6690420993611365e-14,1.0198329159211885e-21,2.83703411598788e-22,1.3473167446080984e-22,1.0,ruko
ruko (27).wav,ruko,1.86561441852483e-15,4.1902831709019275e-14,1.9347621673659887e-06,1.0692423847908673e-14,1.778405682128905e-20,0.9999980926513672,ruko
ruko (28).wav,ruko,3.9440957114680034e-21,2.2848971250200717e-14,3.575410190137518e-08,8.506322046741843e-08,4.555695155684269e-19,0.9999998807907104,ruko
ruko (29).wav,ruko,6.864778365926112e-21,1.0515515934676929e-14,3.8683080176571405e-12,6.289358335008293e-16,7.890219516592374e-38,1.0,ruko
ruko (3).wav,ruko,1.1883320280711206e-29,4.390051252926321e-35,1.2241812946569077e-19,9.358660865907434e-21,2.0030583441195161e-38,1.0,ruko
ruko (30).wav,ruko,5.778104605269618e-05,1.5624861759988562e-07,1.5557194274151698e-05,5.947692338637012e-11,4.5267720411038006e-17,0.9999265074729919,ruko
ruko (31).wav,ruko,1.4679974296642357e-31,5.113214603929973e-30,2.6773941286251102e-08,4.436324473332557e-15,1.326686607851535e-37,1.0,ruko
ruko (32).wav,ruko,1.301415030428854e-12,7.097773462010494e-16,1.6822780148084693e-12,1.0932310143076432e-16,7.638117981411248e-27,1.0,ruko
ruko (33).wav,ruko,1.8422963371606765e-20,8.167202331099688e-11,9.382601166171983e-23,2.4522007073560614e-19,0.0,1.0,ruko
ruko (34).wav,ruko,2.661317709621728e-21,2.862588234630214e-32,8.905219317512092e-08,8.381028087587544e-19,9.516452226489847e-28,0.9999998807907104,ruko
ruko (35).wav,ruko,1.0556789675320033e-05,1.462442811886988e-18,6.272336577239912e-06,4.578000414312555e-07,1.2953727801919218e-15,0.9999827146530151,ruko
ruko (36).wav,ruko,7.649063549730706e-24,1.477008764655662e-29,4.6999588048373355e-23,5.293806115653476e-24,0.0,1.0,ruko
ruko (37).wav,ruko,6.049816806673112e-26,4.6632932947968095e-31,1.4697628823467262e-23,7.37613883566698e-20,0.0,1.0,ruko
ruko (38).wav,ruko,1.7223932445631362e-05,8.931653610488866e-06,2.9940354124846635e-06,6.16679187714908e-07,3.524934386262349e-15,0.9999703168869019,ruko
ruko (39).wav,ruko,1.1329925609954492e-23,2.9113968171914694e-32,4.482353681154398e-31,1.2974049218558975e-27,0.0,1.0,ruko
ruko (4).wav,ruko,2.888527882226185e-19,4.845953841789473e-15,4.4733731015223974e-14,5.788888211529901e-21,6.322006477931393e-29,1.0,ruko
ruko (40).wav,ruko,7.232715945257318e-13,1.1711734941854957e-06,2.3390247326352843e-15,9.511126108918688e-09,4.005368085813199e-14,0.9999988079071045,ruko
ruko (41).wav,ruko,1.169526475663929e-09,1.4667915692008784e-17,4.987068678019568e-06,2.2081156458853002e-08,4.3314798362642515e-14,0.9999949932098389,ruko
ruko (42).wav,ruko,4.5573713578050956e-05,1.040501501847757e-06,6.38712735963054e-05,8.417377443947771e-07,1.0997930674884818e-13,0.9998886585235596,ruko
ruko (43).wav,ruko,4.263631853973493e-05,8.568498799377267e-09,1.0390710514229795e-08,5.6058005459824756e-11,3.8792290979472455e-06,0.9999533891677856,ruko
ruko (44).wav,ruko,1.095822715923379e-18,8.838997701866887e-28,1.7489938664017046e-10,3.49763729264041e-13,1.8293088802091822e-24,1.0,ruko
ruko (45).wav,ruko,1.2210627474418256e-11,6.467804807355759e-13,4.622894721251214e-06,2.470297221174398e-14,1.1253694373949963e-12,0.9999953508377075,ruko
ruko (46).wav,ruko,1.8409635998257144e-14,4.105614871568694e-26,2.456741670425036e-19,3.164289970184068e-21,0.0,1.0,ruko
ruko (47).wav,ruko,4.725676635660853e-19,7.1408404045801345e-25,4.281297885655455e-11,1.9052881182852414e-17,3.341433911175829e-26,1.0,ruko
ruko (48).wav,ruko,1.3500925561506216e-18,2.0025362273854975e-18,1.0907478398139783e-13,2.824372012410514e-19,1.6350423004118487e-30,1.0,ruko
ruko (49).wav,ruko,2.6660572945885304e-18,1.0358583324432402e-08,3.0474141560020486e-20,1.4157893980174929e-14,1.269971315211112e-23,1.0,ruko
ruko (5).wav,ruko,5.586189169284807e-16,3.5731485045070732e-12,7.225169611047022e-06,3.8848514307495793e-17,5.23353606345909e-19,0.9999927878379822,ruko
ruko (50).wav,ruko,2.9239584189307895e-20,1.9656909606821048e-27,5.745936704215637e-08,1.1837485185033114e-22,0.0,1.0,ruko
ruko (51).wav,ruko,2.2340816696608812e-11,1.4438146858641865e-13,3.619532265020098e-07,6.333225883281557e-06,9.438666388676674e-19,0.9999933242797852,ruko
ruko (52).wav,ruko,1.1689890722088592e-10,5.341100290934264e-07,2.1455650767165935e-06,2.050428049571451e-09,6.560848276471057e-15,0.9999973773956299,ruko
ruko (53).wav,ruko,3.0025638737347015e-15,8.265358748963793e-17,1.6900674381759018e-05,5.96116377289159e-14,2.5339442898711044e-23,0.9999830722808838,ruko
ruko (54).wav,ruko,1.7156113645261928e-20,5.7779628659301486e-30,6.439750815934175e-11,2.6845615574283554e-13,1.1068230993218263e-30,1.0,ruko
ruko (55).wav,ruko,1.122754292737227e-05,8.76526246429421e-06,0.0005057576345279813,3.939368616556749e-05,3.2428335998702096e-06,0.9994316101074219,ruko
ruko (6).wav,ruko,2.1256451172861554e-20,6.273604032103197e-12,1.1101160951858952e-13,4.946731968969218e-17,1.3460657182016781e-26,1.0,ruko
ruko (7).wav,ruko,3.965101669223259e-08,6.767068043700419e-07,1.2179241821286269e-05,2.060323289754251e-08,2.776148933662321e-19,0.9999870657920837,ruko
ruko (8).wav,ruko,1.7411252883903217e-06,1.531478271834898e-18,9.431618309463374e-06,5.107006018079119e-07,1.901591778999987e-17,0.999988317489624,ruko
ruko (9).wav,ruko,2.4404387766179578e-22,4.533173495523498e-28,1.128391485589537e-21,1.122346488649039e-22,0.0,1.0,ruko
ruko.wav,ruko,1.3257739354183396e-25,0.0,5.612955100708916e-10,1.8581310147847363e-16,0.0,1.0,ruko
ruko_k.wav,ruko,1.6078939651296906e-24,7.86117138415406e-37,1.0327348975991413e-09,1.952314783674953e-19,7.589883729120962e-32,1.0,ruko
ruko_m.wav,ruko,3.2563736405416444e-23,6.463314816753345e-30,2.975730550858202e-09,7.187363395687752e-15,1.8240432850410132e-29,1.0,ruko
ruko_t.wav,ruko,2.0324195745800476e-18,3.214424473114522e-30,1.9659012195916148e-08,7.334841761741373e-11,6.6735278132340585e-28,1.0,ruko
